epoch,loss
0,0.6762457648627191
1,0.6666634099946606
2,0.6628484931781138
3,0.6566140703160128
4,0.6499946100248707
5,0.6439188127037433
6,0.638726927393632
7,0.6342684519376686
8,0.6306495940942558
9,0.6274229090848416
10,0.6247119491906474
11,0.6220290369267086
12,0.6200401251264613
13,0.6188083346799124
14,0.6166776478719368
15,0.6150850803732014
16,0.6133184089935083
17,0.6126633788184296
