epoch,loss
0,0.69236869000374
1,0.6920167638900432
2,0.6917404012477144
3,0.6911819133352726
4,0.6895924020320812
5,0.6866058998919548
6,0.6834879124418218
7,0.680272731375187
8,0.6765267392422291
9,0.6724713508118975
10,0.6692090541758435
11,0.6661874487044963
12,0.6637918188216838
13,0.6620011836924451
14,0.6600283358959441
15,0.658781498036486
16,0.6566232316037441
17,0.6558280701332904
