epoch,loss
0,0.6911876012408544
1,0.6906448848663814
2,0.6898252699110243
3,0.6890491303943452
4,0.6882947285970052
5,0.6872525896344867
6,0.6857230171324715
7,0.6840664697071862
8,0.6824440729050409
9,0.6809679061647446
10,0.6797370910644531
11,0.6786743042961
12,0.6777632577078683
13,0.6768625652979291
14,0.6759220910450768
15,0.6749687800331722
16,0.6741858588324653
17,0.6735552833193824
18,0.6729466271778893
19,0.6726034860762339
