epoch,loss
0,0.6921099910029659
1,0.6918138574670862
2,0.691284038402416
3,0.689681159125434
4,0.6877420213487413
5,0.6862199571397569
6,0.6844471119068287
7,0.6826946823685257
8,0.6810466625072338
9,0.6795845031738281
10,0.6780341819480613
11,0.676748134471752
12,0.6755922812002676
13,0.6744222287778501
14,0.6734332331904659
15,0.6724882479067202
16,0.6716076179786965
17,0.6708015865749783
18,0.670029534233941
19,0.6693036821153429
