epoch,loss
0,0.677951363956227
1,0.6678188548368567
2,0.6613021738388959
3,0.6545830894919002
4,0.6488037109375
5,0.6430542889763328
6,0.6377141615923714
7,0.6327442281386432
8,0.6287702111636891
9,0.6257130678962258
10,0.6231382594389074
11,0.6206874286427218
12,0.6181361254523782
13,0.6162743287927964
14,0.614603603587431
15,0.6134703580070945
16,0.6113332299625173
17,0.609777618856991
